Algorithm,Data Set,Hyper Parameters,0/1 Loss (Accuracy)
K-means,abalone_data.csv,K=11,0.203506
K-means,abalone_data.csv,K=21,0.19918
K-means,abalone_data.csv,K=3,0.1945
K-means,abalone_data.csv,K=4,0.217614
K-means,abalone_data.csv,K=6,0.219061
K-means,car_data.csv,K=18,0.847231
K-means,car_data.csv,K=22,0.814236
K-means,car_data.csv,K=7,0.84143
K-means,car_data.csv,K=11,0.769072
K-means,car_data.csv,K=33,0.611769
K-means,segmentation_data.csv,K=18,0.833333
K-means,segmentation_data.csv,K=12,0.761905
K-means,segmentation_data.csv,K=3,0.761905
K-means,segmentation_data.csv,K=19,0.757143
K-means,segmentation_data.csv,K=25,0.70562
