KNN,forestfires.csv,K=1,10.745460
KNN,forestfires.csv,K=2,9.217381
KNN,forestfires.csv,K=3,8.226358
KNN,forestfires.csv,K=4,7.974286
KNN,winequality-red.csv,K=1,0.066367
KNN,winequality-red.csv,K=2,0.061770
KNN,winequality-red.csv,K=3,0.060505
KNN,winequality-red.csv,K=4,0.059533
KNN,winequality-white.csv,K=1,0.039764
KNN,winequality-white.csv,K=2,0.037810
KNN,winequality-white.csv,K=3,0.036825
KNN,winequality-white.csv,K=4,0.036714
KNN,machine_data.csv,K=1,6.654058
KNN,machine_data.csv,K=2,7.008233
KNN,machine_data.csv,K=3,7.375644
KNN,machine_data.csv,K=4,9.390479
CNN,forestfires.csv,K=1,11.511279
CNN,forestfires.csv,K=2,8.198114
CNN,forestfires.csv,K=3,8.176817
CNN,forestfires.csv,K=4,7.778839
CNN,winequality-red.csv,K=1,0.066248
K-Means,forestfires.csv,K=1,11.124568
K-Means,forestfires.csv,K=2,9.422322
K-Means,forestfires.csv,K=3,8.595170
K-Means,forestfires.csv,K=4,8.141943
K-Means,winequality-red.csv,K=1,0.065632
K-Means,winequality-red.csv,K=2,0.061330
K-Means,winequality-red.csv,K=3,0.060207
K-Means,winequality-red.csv,K=4,0.058889
K-Means,winequality-white.csv,K=1,0.040323
K-Means,winequality-white.csv,K=2,0.037814
K-Means,winequality-white.csv,K=3,0.036709
K-Means,winequality-white.csv,K=4,0.037149
K-Means,machine_data.csv,K=1,7.491732
K-Means,machine_data.csv,K=2,6.818179
K-Means,machine_data.csv,K=3,7.863398
K-Means,machine_data.csv,K=4,8.279168
K-Means,forestfires.csv,K=1,11.001493
K-Means,forestfires.csv,K=2,9.336675
K-Means,forestfires.csv,K=3,8.731690
K-Means,forestfires.csv,K=4,8.097297
K-Means,winequality-red.csv,K=1,0.065799
K-Means,winequality-red.csv,K=2,0.061184
K-Means,winequality-red.csv,K=3,0.060197
K-Means,winequality-red.csv,K=4,0.059441
K-Means,forestfires.csv,K=1,10.684558
K-Means,forestfires.csv,K=2,9.506291
K-Means,forestfires.csv,K=1,10.365207
K-Means,forestfires.csv,K=2,9.895160
K-Means,forestfires.csv,K=3,8.912364
K-Means,forestfires.csv,K=4,8.136130
K-Means,winequality-red.csv,K=1,0.066549
K-Means,winequality-red.csv,K=2,0.061939
K-Means,winequality-red.csv,K=3,0.059239
K-Means,winequality-red.csv,K=4,0.059052
K-Means,winequality-white.csv,K=1,0.039896
K-Means,winequality-white.csv,K=2,0.038214
K-Means,winequality-white.csv,K=3,0.037206
K-Means,winequality-white.csv,K=4,0.036815
K-Means,machine_data.csv,K=1,5.843993
K-Means,machine_data.csv,K=2,6.968256
K-Means,machine_data.csv,K=3,7.959348
K-Means,machine_data.csv,K=4,8.014143
K-Means,forestfires.csv,K=1,8.552203
K-Means,forestfires.csv,K=2,9.365025
K-Means,forestfires.csv,K=3,8.652112
K-Means,forestfires.csv,K=4,7.747655
K-Means,forestfires.csv,K=5,7.376037
K-Means,forestfires.csv,K=6,7.635082
K-Means,forestfires.csv,K=7,7.729888
K-Means,forestfires.csv,K=8,7.439086
K-Means,forestfires.csv,K=9,7.295561
K-Means,winequality-red.csv,K=1,0.066225
K-Means,winequality-red.csv,K=2,0.061566
K-Means,winequality-red.csv,K=3,0.059830
K-Means,winequality-red.csv,K=4,0.059881
K-Means,winequality-red.csv,K=5,0.059159
K-Means,winequality-red.csv,K=6,0.058369
K-Means,winequality-red.csv,K=7,0.058063
K-Means,winequality-red.csv,K=8,0.059017
K-Means,winequality-red.csv,K=9,0.058596
K-Means,winequality-white.csv,K=1,0.039793
K-Means,winequality-white.csv,K=2,0.038059
K-Means,winequality-white.csv,K=3,0.036897
K-Means,winequality-white.csv,K=4,0.036760
K-Means,winequality-white.csv,K=5,0.036337
K-Means,winequality-white.csv,K=6,0.036278
K-Means,winequality-white.csv,K=7,0.036279
K-Means,winequality-white.csv,K=8,0.036152
K-Means,winequality-white.csv,K=9,0.036321
K-Means,machine_data.csv,K=1,7.081387
K-Means,machine_data.csv,K=2,7.739132
K-Means,machine_data.csv,K=3,8.954592
K-Means,machine_data.csv,K=4,8.051933
K-Means,machine_data.csv,K=5,9.182916
K-Means,machine_data.csv,K=6,10.123466
K-Means,machine_data.csv,K=7,11.049613
K-Means,machine_data.csv,K=8,11.071207
K-Means,machine_data.csv,K=9,12.061328
K-Means,forestfires.csv,K=1,10.464912
K-Means,forestfires.csv,K=2,8.653411
K-Means,forestfires.csv,K=3,8.852107
K-Means,forestfires.csv,K=4,7.935375
K-Means,forestfires.csv,K=5,7.665717
K-Means,forestfires.csv,K=6,7.643014
K-Means,forestfires.csv,K=7,7.730858
K-Means,forestfires.csv,K=8,7.818399
K-Means,forestfires.csv,K=9,7.613822
K-Means,winequality-red.csv,K=1,0.065847
K-Means,winequality-red.csv,K=2,0.061301
K-Means,winequality-red.csv,K=3,0.059609
K-Means,winequality-red.csv,K=4,0.058938
K-Means,winequality-red.csv,K=5,0.059719
K-Means,winequality-red.csv,K=6,0.058804
K-Means,winequality-red.csv,K=7,0.058473
K-Means,winequality-red.csv,K=8,0.058577
K-Means,winequality-red.csv,K=9,0.059191
K-Means,forestfires.csv,K=1,7.858184
K-Means,forestfires.csv,K=2,8.142601
K-Means,winequality-red.csv,K=1,0.089121
K-Means,winequality-red.csv,K=2,0.089042
K-Means,winequality-white.csv,K=1,0.055724
K-Means,winequality-white.csv,K=2,0.051971
K-Means,machine_data.csv,K=1,24.963351
K-Means,machine_data.csv,K=2,20.040821
K-Means,forestfires.csv,K=1,7.066640
K-Means,forestfires.csv,K=2,13.458884
K-Means,winequality-red.csv,K=1,0.084417
K-Means,winequality-red.csv,K=2,0.081580
K-Means,winequality-white.csv,K=1,0.055313
K-Means,winequality-white.csv,K=2,0.049073
K-Means,machine_data.csv,K=1,19.903273
K-Means,machine_data.csv,K=2,23.255675
K-Means,machine_data.csv,K=1,13.345570
CNN,forestfires.csv,K=3,3995.494874
CNN,winequality-red.csv,K=3,0.954897
CNN,winequality-white.csv,K=3,1.253010
CNN,machine_data.csv,K=3,6757.142005
PAM,forestfires.csv,validationSetFraction=0.749501K=3,5617.177052
PAM,winequality-red.csv,validationSetFraction=0.750520K=3,0.662932
PAM,machine_data.csv,validationSetFraction=0.313840K=3,3273.549723
PAM,machine_data.csv,validationSetFraction=0.054546K=3,3156.855635
PAM,forestfires.csv,validationSetFraction=0.100901K=3,4948.229124
PAM,winequality-red.csv,validationSetFraction=0.604784K=3,0.684074
K-Means,machine_data.csv,k=3|validationSetFraction=0.613020,1096.743108
K-Means,machine_data.csv,k=3|validationSetFraction=0.222197,1946.746278
K-Means,forestfires.csv,k=3|validationSetFraction=0.714124,9147.839995
K-Means,winequality-red.csv,k=3|validationSetFraction=0.069963,0.661495
K-Means,winequality-white.csv,k=3|validationSetFraction=0.754588,0.799118
