Algorithm,Data Set,Hyper Parameters,0/1 Loss (Accuracy)
K-means,abalone_data.csv,K=11,0.203506
K-means,abalone_data.csv,K=21,0.19918
K-means,abalone_data.csv,K=1,0.222163
K-means,abalone_data.csv,K=4,0.217614
K-means,abalone_data.csv,K=6,0.219061
K-means,car_data.csv,K=18,0.847231
K-means,car_data.csv,K=22,0.814236
K-means,car_data.csv,K=7,0.84143
K-means,car_data.csv,K=11,0.769072
K-means,car_data.csv,K=33,0.611769
K-means,segmentation_data.csv,K=18,0.833333
K-means,segmentation_data.csv,K=12,0.761905
K-means,segmentation_data.csv,K=3,0.761905
K-means,segmentation_data.csv,K=19,0.757143
K-means,segmentation_data.csv,K=1,0.719048
KNN,segmentation_data.csv,K=1,0.814286
KNN,segmentation_data.csv,K=2,0.790476
KNN,abalone_data.csv,K=1,0.205184
KNN,abalone_data.csv,K=2,0.229826
KNN,abalone_data.csv,K=1,0.205426
K-Means,segmentation_data.csv,validationSetFraction=0.426454|K=3,0.700000
K-Means,car_data.csv,validationSetFraction=0.171761|K=3,0.767946
K-Means,segmentation_data.csv,validationSetFraction=0.618838|K=3,0.776190
K-Means,segmentation_data.csv,validationSetFraction=0.778246|K=3,0.823810
K-Means,segmentation_data.csv,validationSetFraction=0.235907|K=3,0.842857
K-Means,abalone_data.csv,validationSetFraction=0.280299|K=3,0.212117
K-Means,car_data.csv,validationSetFraction=0.097935|K=3,0.835640
